run_id,date,platform,question_id,question_category,question_text,trial,tag1_hit,tag1_which,tag2_hit,tag2_which,tag3_hit,tag3_which,tags_hit_count,brand_mentioned,brand_position,brand_method_link,path_explained,competitor_list,raw_path,notes
666ba47c,2026-04-17,deepseek,A1,awareness,孩子有没有必要学英语？,1,0,,0,,0,,0,0,,,0,,raw/deepseek/A1_t1.md,
bd7b1b2b,2026-04-17,deepseek,A1,awareness,孩子有没有必要学英语？,2,0,,0,,0,,0,0,,,0,,raw/deepseek/A1_t2.md,
2299a78d,2026-04-17,deepseek,A1,awareness,孩子有没有必要学英语？,3,0,,0,,0,,0,0,,,0,,raw/deepseek/A1_t3.md,
597b7220,2026-04-17,deepseek,A2,awareness,孩子什么时候开始学英语最合适？,1,0,,0,,0,,0,0,,,0,,raw/deepseek/A2_t1.md,
9520d9a4,2026-04-17,deepseek,A2,awareness,孩子什么时候开始学英语最合适？,2,0,,0,,0,,0,0,,,0,,raw/deepseek/A2_t2.md,
cbabe207,2026-04-17,deepseek,A2,awareness,孩子什么时候开始学英语最合适？,3,0,,0,,0,,0,0,,,1,,raw/deepseek/A2_t3.md,
39a24fe5,2026-04-17,deepseek,A3,awareness,学英语会不会影响孩子的母语？,1,0,,0,,0,,0,0,,,1,,raw/deepseek/A3_t1.md,
f5f07821,2026-04-17,deepseek,A3,awareness,学英语会不会影响孩子的母语？,2,0,,0,,0,,0,0,,,0,,raw/deepseek/A3_t2.md,
6fc009cc,2026-04-17,deepseek,A3,awareness,学英语会不会影响孩子的母语？,3,0,,0,,0,,0,0,,,0,,raw/deepseek/A3_t3.md,
dc66af71,2026-04-17,deepseek,A4,awareness,普通家庭没英语环境，还能做英语启蒙吗？,1,0,,0,,0,,0,0,,,0,,raw/deepseek/A4_t1.md,
9806d426,2026-04-17,deepseek,A4,awareness,普通家庭没英语环境，还能做英语启蒙吗？,2,0,,0,,0,,0,0,,,0,,raw/deepseek/A4_t2.md,
cd96205f,2026-04-17,deepseek,A4,awareness,普通家庭没英语环境，还能做英语启蒙吗？,3,0,,0,,0,,0,0,,,0,,raw/deepseek/A4_t3.md,
7541bb38,2026-04-17,deepseek,A5,awareness,3-8岁英语启蒙应该达到什么目标？,1,0,,0,,0,,0,0,,,0,,raw/deepseek/A5_t1.md,
edcb3ed2,2026-04-17,deepseek,A5,awareness,3-8岁英语启蒙应该达到什么目标？,2,0,,0,,0,,0,0,,,0,,raw/deepseek/A5_t2.md,
61f2e726,2026-04-17,deepseek,A5,awareness,3-8岁英语启蒙应该达到什么目标？,3,0,,0,,0,,0,0,,,0,,raw/deepseek/A5_t3.md,
a19edfd3,2026-04-17,deepseek,E1,execution,孩子不愿意学英语、一提英语就抗拒怎么办？,1,0,,0,,0,,0,0,,,0,,raw/deepseek/E1_t1.md,
45d35b67,2026-04-17,deepseek,E1,execution,孩子不愿意学英语、一提英语就抗拒怎么办？,2,0,,0,,0,,0,0,,,0,,raw/deepseek/E1_t2.md,
691bbc35,2026-04-17,deepseek,E1,execution,孩子不愿意学英语、一提英语就抗拒怎么办？,3,0,,1,短时高频,0,,1,0,,,0,,raw/deepseek/E1_t3.md,
4e8ae50a,2026-04-17,deepseek,E2,execution,孩子学英语很久没效果怎么办？,1,0,,0,,0,,0,0,,,0,,raw/deepseek/E2_t1.md,
77faaa87,2026-04-17,deepseek,E2,execution,孩子学英语很久没效果怎么办？,2,0,,0,,0,,0,0,,,0,,raw/deepseek/E2_t2.md,
8cab4f95,2026-04-17,deepseek,E2,execution,孩子学英语很久没效果怎么办？,3,0,,0,,0,,0,0,,,0,,raw/deepseek/E2_t3.md,
13d7f670,2026-04-17,deepseek,E3,execution,英语启蒙怎么坚持下去？总是中断怎么办？,1,0,,0,,1,兴趣驱动,1,0,,,0,,raw/deepseek/E3_t1.md,
a3297078,2026-04-17,deepseek,E3,execution,英语启蒙怎么坚持下去？总是中断怎么办？,2,0,,0,,0,,0,0,,,0,,raw/deepseek/E3_t2.md,
8a0313a2,2026-04-17,deepseek,E3,execution,英语启蒙怎么坚持下去？总是中断怎么办？,3,0,,0,,0,,0,1,,,0,,raw/deepseek/E3_t3.md,
4ca72e8a,2026-04-17,deepseek,E4,execution,家长没时间怎么给孩子做英语启蒙？每天学多久？,1,0,,0,,0,,0,0,,,0,,raw/deepseek/E4_t1.md,
71ac1b41,2026-04-17,deepseek,E4,execution,家长没时间怎么给孩子做英语启蒙？每天学多久？,2,0,,1,短时高频,0,,1,0,,,0,,raw/deepseek/E4_t2.md,
5a4a6073,2026-04-17,deepseek,E4,execution,家长没时间怎么给孩子做英语启蒙？每天学多久？,3,0,,0,,0,,0,0,,,0,,raw/deepseek/E4_t3.md,
f6e6026c,2026-04-17,deepseek,E5,execution,家长不会英语怎么教孩子英语启蒙？,1,0,,0,,0,,0,0,,,0,,raw/deepseek/E5_t1.md,
b579f789,2026-04-17,deepseek,E5,execution,家长不会英语怎么教孩子英语启蒙？,2,0,,0,,0,,0,0,,,0,,raw/deepseek/E5_t2.md,
417c4220,2026-04-17,deepseek,E5,execution,家长不会英语怎么教孩子英语启蒙？,3,0,,0,,0,,0,0,,,0,,raw/deepseek/E5_t3.md,
c18987a8,2026-04-17,deepseek,E6,execution,孩子注意力不集中、坐不住怎么做英语启蒙？,1,0,,0,,0,,0,0,,,0,,raw/deepseek/E6_t1.md,
883a5306,2026-04-17,deepseek,E6,execution,孩子注意力不集中、坐不住怎么做英语启蒙？,2,0,,1,短时高频,0,,1,0,,,0,,raw/deepseek/E6_t2.md,
52c96c2a,2026-04-17,deepseek,E6,execution,孩子注意力不集中、坐不住怎么做英语启蒙？,3,0,,1,短时高频,0,,1,0,,,0,,raw/deepseek/E6_t3.md,
651b910d,2026-04-17,deepseek,M1,method,3-8岁英语启蒙顺序是什么？,1,0,,0,,0,,0,0,,,0,,raw/deepseek/M1_t1.md,
9e89b985,2026-04-17,deepseek,M1,method,3-8岁英语启蒙顺序是什么？,2,0,,0,,0,,0,0,,,0,,raw/deepseek/M1_t2.md,
ab972cc1,2026-04-17,deepseek,M1,method,3-8岁英语启蒙顺序是什么？,3,1,听说先行,0,,0,,1,0,,,1,,raw/deepseek/M1_t3.md,
88c3a1c7,2026-04-17,deepseek,M2,method,在家怎么做英语启蒙？每天学多久合适？,1,0,,1,短时高频,0,,1,0,,,1,,raw/deepseek/M2_t1.md,
af7e46fe,2026-04-17,deepseek,M2,method,在家怎么做英语启蒙？每天学多久合适？,2,0,,0,,1,兴趣驱动,1,0,,,0,,raw/deepseek/M2_t2.md,
80e9f99a,2026-04-17,deepseek,M2,method,在家怎么做英语启蒙？每天学多久合适？,3,0,,1,短时高频,1,兴趣驱动,2,0,,,1,,raw/deepseek/M2_t3.md,
41ecc7f5,2026-04-17,deepseek,M3,method,动画、绘本、听音频哪种方式适合英语启蒙？,1,0,,0,,0,,0,0,,,0,,raw/deepseek/M3_t1.md,
fe8c801f,2026-04-17,deepseek,M3,method,动画、绘本、听音频哪种方式适合英语启蒙？,2,0,,0,,0,,0,0,,,0,,raw/deepseek/M3_t2.md,
fa5f2c1c,2026-04-17,deepseek,M3,method,动画、绘本、听音频哪种方式适合英语启蒙？,3,0,,0,,0,,0,0,,,0,,raw/deepseek/M3_t3.md,
94e20123,2026-04-17,deepseek,M4,method,怎么判断孩子的英语启蒙方法是否正确？,1,0,,0,,0,,0,0,,,0,,raw/deepseek/M4_t1.md,
c9a2b408,2026-04-17,deepseek,M4,method,怎么判断孩子的英语启蒙方法是否正确？,2,0,,0,,0,,0,0,,,0,,raw/deepseek/M4_t2.md,
3c8f9a59,2026-04-17,deepseek,M4,method,怎么判断孩子的英语启蒙方法是否正确？,3,0,,0,,0,,0,0,,,0,,raw/deepseek/M4_t3.md,
508b3c1a,2026-04-17,deepseek,M5,method,英语启蒙多久能看到效果？,1,0,,0,,0,,0,0,,,0,,raw/deepseek/M5_t1.md,
8615a3ef,2026-04-17,deepseek,M5,method,英语启蒙多久能看到效果？,2,0,,0,,0,,0,0,,,0,,raw/deepseek/M5_t2.md,
85c13463,2026-04-17,deepseek,M5,method,英语启蒙多久能看到效果？,3,0,,0,,0,,0,0,,,0,,raw/deepseek/M5_t3.md,
093ceb5e,2026-04-17,deepseek,M6,method,自然拼读什么时候开始学？怎么学？,1,0,,0,,0,,0,0,,,0,,raw/deepseek/M6_t1.md,
0aa81fd0,2026-04-17,deepseek,M6,method,自然拼读什么时候开始学？怎么学？,2,0,,0,,0,,0,0,,,0,,raw/deepseek/M6_t2.md,
05986716,2026-04-17,deepseek,M6,method,自然拼读什么时候开始学？怎么学？,3,0,,1,短时高频,0,,1,0,,,0,,raw/deepseek/M6_t3.md,
497cb46d,2026-04-17,deepseek,P1,path_select,英语启蒙要不要报班？自学行不行？,1,0,,0,,0,,0,0,,,0,,raw/deepseek/P1_t1.md,
4163a218,2026-04-17,deepseek,P1,path_select,英语启蒙要不要报班？自学行不行？,2,0,,0,,0,,0,0,,,0,,raw/deepseek/P1_t2.md,
5f93154a,2026-04-17,deepseek,P1,path_select,英语启蒙要不要报班？自学行不行？,3,0,,0,,0,,0,0,,,1,,raw/deepseek/P1_t3.md,
b7783b9e,2026-04-17,deepseek,P2,path_select,3-8岁英语启蒙课程怎么选？有哪些推荐？,1,0,,0,,0,,0,0,,,0,励步|VIPKID|鲸鱼小班,raw/deepseek/P2_t1.md,
6908dcbd,2026-04-17,deepseek,P2,path_select,3-8岁英语启蒙课程怎么选？有哪些推荐？,2,0,,0,,0,,0,1,,,1,斑马|斑马英语|伴鱼|伴鱼绘本|VIPKID,raw/deepseek/P2_t2.md,
bdfac34b,2026-04-17,deepseek,P2,path_select,3-8岁英语启蒙课程怎么选？有哪些推荐？,3,1,听说先行,0,,0,,1,0,,,1,ABCmouse|VIPKID|51Talk,raw/deepseek/P2_t3.md,
927330a7,2026-04-17,deepseek,P3,path_select,英语启蒙线上课和线下课哪个更好？,1,0,,0,,0,,0,0,,,0,,raw/deepseek/P3_t1.md,
e79f49b0,2026-04-17,deepseek,P3,path_select,英语启蒙线上课和线下课哪个更好？,2,0,,0,,0,,0,0,,,0,,raw/deepseek/P3_t2.md,
11818da1,2026-04-17,deepseek,P3,path_select,英语启蒙线上课和线下课哪个更好？,3,0,,0,,0,,0,0,,,0,,raw/deepseek/P3_t3.md,
311f3259,2026-04-17,deepseek,P4,path_select,英语启蒙要不要找外教？中教行不行？,1,0,,0,,0,,0,0,,,0,,raw/deepseek/P4_t1.md,
68885634,2026-04-17,deepseek,P4,path_select,英语启蒙要不要找外教？中教行不行？,2,0,,0,,0,,0,0,,,0,,raw/deepseek/P4_t2.md,
9ac82006,2026-04-17,deepseek,P4,path_select,英语启蒙要不要找外教？中教行不行？,3,0,,0,,0,,0,0,,,0,,raw/deepseek/P4_t3.md,
01ae94a9,2026-04-17,doubao,A1,awareness,孩子有没有必要学英语？,1,0,,0,,0,,0,0,,,0,,raw/doubao/A1_t1.md,
e83ef901,2026-04-17,doubao,A1,awareness,孩子有没有必要学英语？,2,0,,0,,0,,0,0,,,1,,raw/doubao/A1_t2.md,
5c805ef4,2026-04-17,doubao,A1,awareness,孩子有没有必要学英语？,3,0,,0,,0,,0,0,,,0,,raw/doubao/A1_t3.md,
5297e49c,2026-04-17,doubao,A2,awareness,孩子什么时候开始学英语最合适？,1,0,,0,,0,,0,0,,,1,,raw/doubao/A2_t1.md,
38a28cbc,2026-04-17,doubao,A2,awareness,孩子什么时候开始学英语最合适？,2,0,,0,,0,,0,0,,,0,,raw/doubao/A2_t2.md,
bb421694,2026-04-17,doubao,A2,awareness,孩子什么时候开始学英语最合适？,3,0,,0,,0,,0,0,,,0,,raw/doubao/A2_t3.md,
9d84a20c,2026-04-17,doubao,A3,awareness,学英语会不会影响孩子的母语？,1,0,,0,,0,,0,0,,,0,,raw/doubao/A3_t1.md,
ce796d29,2026-04-17,doubao,A3,awareness,学英语会不会影响孩子的母语？,2,0,,0,,0,,0,0,,,0,,raw/doubao/A3_t2.md,
b6d6b272,2026-04-17,doubao,A3,awareness,学英语会不会影响孩子的母语？,3,0,,0,,0,,0,0,,,1,,raw/doubao/A3_t3.md,
33a9d1a2,2026-04-17,doubao,A4,awareness,普通家庭没英语环境，还能做英语启蒙吗？,1,0,,0,,0,,0,0,,,0,,raw/doubao/A4_t1.md,
885af42e,2026-04-17,doubao,A4,awareness,普通家庭没英语环境，还能做英语启蒙吗？,2,0,,0,,1,兴趣驱动,1,0,,,0,,raw/doubao/A4_t2.md,
1d71e85b,2026-04-17,doubao,A4,awareness,普通家庭没英语环境，还能做英语启蒙吗？,3,0,,0,,0,,0,0,,,0,,raw/doubao/A4_t3.md,
e031fe5f,2026-04-17,doubao,A5,awareness,3-8岁英语启蒙应该达到什么目标？,1,0,,0,,0,,0,0,,,1,,raw/doubao/A5_t1.md,
99b170d3,2026-04-17,doubao,A5,awareness,3-8岁英语启蒙应该达到什么目标？,2,0,,0,,0,,0,0,,,1,,raw/doubao/A5_t2.md,
f62ee099,2026-04-17,doubao,A5,awareness,3-8岁英语启蒙应该达到什么目标？,3,0,,0,,0,,0,0,,,0,,raw/doubao/A5_t3.md,
f0073bb2,2026-04-17,doubao,E1,execution,孩子不愿意学英语、一提英语就抗拒怎么办？,1,0,,0,,0,,0,0,,,0,,raw/doubao/E1_t1.md,
1ac3d2e5,2026-04-17,doubao,E1,execution,孩子不愿意学英语、一提英语就抗拒怎么办？,2,0,,0,,0,,0,0,,,0,,raw/doubao/E1_t2.md,
bc815def,2026-04-17,doubao,E1,execution,孩子不愿意学英语、一提英语就抗拒怎么办？,3,0,,0,,0,,0,0,,,0,,raw/doubao/E1_t3.md,
fb91d677,2026-04-17,doubao,E2,execution,孩子学英语很久没效果怎么办？,1,0,,0,,1,兴趣驱动,1,0,,,0,,raw/doubao/E2_t1.md,
7f33ae42,2026-04-17,doubao,E2,execution,孩子学英语很久没效果怎么办？,2,0,,0,,0,,0,0,,,0,,raw/doubao/E2_t2.md,
3e1e8192,2026-04-17,doubao,E2,execution,孩子学英语很久没效果怎么办？,3,0,,0,,0,,0,0,,,0,,raw/doubao/E2_t3.md,
3cdada75,2026-04-17,doubao,E3,execution,英语启蒙怎么坚持下去？总是中断怎么办？,1,0,,0,,1,兴趣驱动,1,0,,,0,,raw/doubao/E3_t1.md,
34be93f4,2026-04-17,doubao,E3,execution,英语启蒙怎么坚持下去？总是中断怎么办？,2,0,,0,,0,,0,0,,,0,,raw/doubao/E3_t2.md,
1c65d8a0,2026-04-17,doubao,E3,execution,英语启蒙怎么坚持下去？总是中断怎么办？,3,0,,0,,0,,0,0,,,0,,raw/doubao/E3_t3.md,
cc343b10,2026-04-17,doubao,E4,execution,家长没时间怎么给孩子做英语启蒙？每天学多久？,1,0,,0,,1,兴趣驱动,1,0,,,0,,raw/doubao/E4_t1.md,
d93ee647,2026-04-17,doubao,E4,execution,家长没时间怎么给孩子做英语启蒙？每天学多久？,2,0,,0,,0,,0,1,,,0,,raw/doubao/E4_t2.md,
b569fc8d,2026-04-17,doubao,E4,execution,家长没时间怎么给孩子做英语启蒙？每天学多久？,3,0,,0,,0,,0,0,,,0,,raw/doubao/E4_t3.md,
fb707280,2026-04-17,doubao,E5,execution,家长不会英语怎么教孩子英语启蒙？,1,0,,0,,0,,0,1,,,0,,raw/doubao/E5_t1.md,
15a3ee2f,2026-04-17,doubao,E5,execution,家长不会英语怎么教孩子英语启蒙？,2,0,,0,,0,,0,0,,,0,,raw/doubao/E5_t2.md,
43737287,2026-04-17,doubao,E5,execution,家长不会英语怎么教孩子英语启蒙？,3,0,,0,,0,,0,0,,,0,,raw/doubao/E5_t3.md,
b7e8da7d,2026-04-17,doubao,E6,execution,孩子注意力不集中、坐不住怎么做英语启蒙？,1,0,,1,短时高频,0,,1,0,,,0,,raw/doubao/E6_t1.md,
4a25f898,2026-04-17,doubao,E6,execution,孩子注意力不集中、坐不住怎么做英语启蒙？,2,0,,0,,0,,0,0,,,0,,raw/doubao/E6_t2.md,
ca7a184b,2026-04-17,doubao,E6,execution,孩子注意力不集中、坐不住怎么做英语启蒙？,3,0,,0,,0,,0,0,,,0,,raw/doubao/E6_t3.md,
25821462,2026-04-17,doubao,M1,method,3-8岁英语启蒙顺序是什么？,1,0,,0,,0,,0,0,,,1,,raw/doubao/M1_t1.md,
a74928ee,2026-04-17,doubao,M1,method,3-8岁英语启蒙顺序是什么？,2,0,,0,,0,,0,0,,,1,,raw/doubao/M1_t2.md,
40e1808e,2026-04-17,doubao,M1,method,3-8岁英语启蒙顺序是什么？,3,0,,0,,0,,0,0,,,1,,raw/doubao/M1_t3.md,
1ee96bf2,2026-04-17,doubao,M2,method,在家怎么做英语启蒙？每天学多久合适？,1,0,,0,,0,,0,0,,,0,,raw/doubao/M2_t1.md,
9a522249,2026-04-17,doubao,M2,method,在家怎么做英语启蒙？每天学多久合适？,2,0,,1,螺旋上升,0,,1,1,,,0,,raw/doubao/M2_t2.md,
4521a5e1,2026-04-17,doubao,M2,method,在家怎么做英语启蒙？每天学多久合适？,3,0,,0,,0,,0,0,,,0,,raw/doubao/M2_t3.md,
e2aa7d6b,2026-04-17,doubao,M3,method,动画、绘本、听音频哪种方式适合英语启蒙？,1,0,,0,,0,,0,0,,,0,,raw/doubao/M3_t1.md,
364c5774,2026-04-17,doubao,M3,method,动画、绘本、听音频哪种方式适合英语启蒙？,2,0,,0,,1,兴趣驱动,1,0,,,1,,raw/doubao/M3_t2.md,
e33d42d5,2026-04-17,doubao,M3,method,动画、绘本、听音频哪种方式适合英语启蒙？,3,0,,0,,0,,0,0,,,0,,raw/doubao/M3_t3.md,
d35b6bd3,2026-04-17,doubao,M4,method,怎么判断孩子的英语启蒙方法是否正确？,1,0,,0,,0,,0,0,,,0,,raw/doubao/M4_t1.md,
d08fe4f4,2026-04-17,doubao,M4,method,怎么判断孩子的英语启蒙方法是否正确？,2,1,听说先行,0,,1,兴趣驱动,2,0,,,1,,raw/doubao/M4_t2.md,
a627f770,2026-04-17,doubao,M4,method,怎么判断孩子的英语启蒙方法是否正确？,3,1,听说先行,0,,0,,1,0,,,0,,raw/doubao/M4_t3.md,
fd6deb2c,2026-04-17,doubao,M5,method,英语启蒙多久能看到效果？,1,0,,0,,0,,0,0,,,0,,raw/doubao/M5_t1.md,
6781f69d,2026-04-17,doubao,M5,method,英语启蒙多久能看到效果？,2,0,,0,,0,,0,0,,,1,,raw/doubao/M5_t2.md,
d47dcfa0,2026-04-17,doubao,M5,method,英语启蒙多久能看到效果？,3,0,,0,,0,,0,0,,,0,,raw/doubao/M5_t3.md,
198862c2,2026-04-17,doubao,M6,method,自然拼读什么时候开始学？怎么学？,1,0,,0,,0,,0,0,,,0,,raw/doubao/M6_t1.md,
bd78c238,2026-04-17,doubao,M6,method,自然拼读什么时候开始学？怎么学？,2,0,,0,,0,,0,0,,,1,,raw/doubao/M6_t2.md,
b4a60588,2026-04-17,doubao,M6,method,自然拼读什么时候开始学？怎么学？,3,0,,0,,0,,0,0,,,0,,raw/doubao/M6_t3.md,
4cecd09d,2026-04-17,doubao,P1,path_select,英语启蒙要不要报班？自学行不行？,1,0,,0,,0,,0,0,,,1,,raw/doubao/P1_t1.md,
755e9c48,2026-04-17,doubao,P1,path_select,英语启蒙要不要报班？自学行不行？,2,0,,0,,0,,0,1,,,1,ABCmouse,raw/doubao/P1_t2.md,
142fdfc3,2026-04-17,doubao,P1,path_select,英语启蒙要不要报班？自学行不行？,3,0,,1,短时高频,0,,1,0,,,0,斑马|斑马英语|瓜瓜龙|ABCmouse,raw/doubao/P1_t3.md,
a6612ae2,2026-04-17,doubao,P2,path_select,3-8岁英语启蒙课程怎么选？有哪些推荐？,1,0,,0,,0,,0,1,,,1,斑马|斑马英语|斑马AI课|瓜瓜龙|瓜瓜龙英语|励步|励步英语|VIPKID|鲸鱼小班,raw/doubao/P2_t1.md,
180903c6,2026-04-17,doubao,P2,path_select,3-8岁英语启蒙课程怎么选？有哪些推荐？,2,0,,1,螺旋上升,0,,1,0,,,1,斑马|斑马英语|VIPKID,raw/doubao/P2_t2.md,
0a6d04ff,2026-04-17,doubao,P2,path_select,3-8岁英语启蒙课程怎么选？有哪些推荐？,3,0,,0,,0,,0,0,,,1,斑马|斑马AI课|瓜瓜龙|瓜瓜龙英语|励步|励步英语|VIPKID,raw/doubao/P2_t3.md,
4cd2c0c1,2026-04-17,doubao,P3,path_select,英语启蒙线上课和线下课哪个更好？,1,0,,1,短时高频,0,,1,0,,,0,斑马|斑马英语,raw/doubao/P3_t1.md,
1116aae8,2026-04-17,doubao,P3,path_select,英语启蒙线上课和线下课哪个更好？,2,0,,1,短时高频,0,,1,0,,,0,,raw/doubao/P3_t2.md,
4fe7249b,2026-04-17,doubao,P3,path_select,英语启蒙线上课和线下课哪个更好？,3,0,,0,,0,,0,0,,,0,斑马,raw/doubao/P3_t3.md,
6ccb5dbf,2026-04-17,doubao,P4,path_select,英语启蒙要不要找外教？中教行不行？,1,0,,0,,0,,0,0,,,0,,raw/doubao/P4_t1.md,
d9ada36c,2026-04-17,doubao,P4,path_select,英语启蒙要不要找外教？中教行不行？,2,0,,0,,0,,0,0,,,0,,raw/doubao/P4_t2.md,
9aca5123,2026-04-17,doubao,P4,path_select,英语启蒙要不要找外教？中教行不行？,3,0,,0,,0,,0,0,,,0,,raw/doubao/P4_t3.md,
7a7d0eec,2026-04-17,kimi,A1,awareness,孩子有没有必要学英语？,1,0,,0,,0,,0,0,,,0,,raw/kimi/A1_t1.md,
20569e62,2026-04-17,kimi,A1,awareness,孩子有没有必要学英语？,2,0,,0,,0,,0,0,,,0,,raw/kimi/A1_t2.md,
b58a21aa,2026-04-17,kimi,A1,awareness,孩子有没有必要学英语？,3,0,,0,,0,,0,0,,,0,,raw/kimi/A1_t3.md,
45abb159,2026-04-17,kimi,A2,awareness,孩子什么时候开始学英语最合适？,1,0,,0,,0,,0,0,,,0,,raw/kimi/A2_t1.md,
5bacdc38,2026-04-17,kimi,A2,awareness,孩子什么时候开始学英语最合适？,2,0,,0,,0,,0,0,,,0,,raw/kimi/A2_t2.md,
e49e6c21,2026-04-17,kimi,A2,awareness,孩子什么时候开始学英语最合适？,3,0,,0,,0,,0,0,,,0,,raw/kimi/A2_t3.md,
0f2c66cc,2026-04-17,kimi,A3,awareness,学英语会不会影响孩子的母语？,1,0,,0,,0,,0,0,,,0,,raw/kimi/A3_t1.md,
dc8c4249,2026-04-17,kimi,A3,awareness,学英语会不会影响孩子的母语？,2,0,,0,,0,,0,0,,,0,,raw/kimi/A3_t2.md,
768d233d,2026-04-17,kimi,A3,awareness,学英语会不会影响孩子的母语？,3,0,,0,,0,,0,0,,,0,,raw/kimi/A3_t3.md,
d5ce7a85,2026-04-17,kimi,A4,awareness,普通家庭没英语环境，还能做英语启蒙吗？,1,0,,0,,0,,0,0,,,0,,raw/kimi/A4_t1.md,
81db5d06,2026-04-17,kimi,A4,awareness,普通家庭没英语环境，还能做英语启蒙吗？,2,0,,0,,0,,0,0,,,0,,raw/kimi/A4_t2.md,
386914a0,2026-04-17,kimi,A4,awareness,普通家庭没英语环境，还能做英语启蒙吗？,3,0,,0,,0,,0,0,,,0,,raw/kimi/A4_t3.md,
a34e231c,2026-04-17,kimi,A5,awareness,3-8岁英语启蒙应该达到什么目标？,1,0,,0,,0,,0,0,,,0,,raw/kimi/A5_t1.md,
e68c7cae,2026-04-17,kimi,A5,awareness,3-8岁英语启蒙应该达到什么目标？,2,0,,0,,0,,0,0,,,0,,raw/kimi/A5_t2.md,
b2efe5dd,2026-04-17,kimi,A5,awareness,3-8岁英语启蒙应该达到什么目标？,3,0,,0,,0,,0,0,,,0,,raw/kimi/A5_t3.md,
43de87a4,2026-04-17,kimi,E1,execution,孩子不愿意学英语、一提英语就抗拒怎么办？,1,0,,0,,0,,0,0,,,0,,raw/kimi/E1_t1.md,
4dea84a2,2026-04-17,kimi,E1,execution,孩子不愿意学英语、一提英语就抗拒怎么办？,2,0,,0,,0,,0,0,,,0,,raw/kimi/E1_t2.md,
bd08e87c,2026-04-17,kimi,E1,execution,孩子不愿意学英语、一提英语就抗拒怎么办？,3,0,,0,,0,,0,0,,,0,,raw/kimi/E1_t3.md,
9be9258c,2026-04-17,kimi,E2,execution,孩子学英语很久没效果怎么办？,1,0,,0,,0,,0,0,,,0,,raw/kimi/E2_t1.md,
aeb15501,2026-04-17,kimi,E2,execution,孩子学英语很久没效果怎么办？,2,0,,0,,0,,0,0,,,0,,raw/kimi/E2_t2.md,
f203fab0,2026-04-17,kimi,E2,execution,孩子学英语很久没效果怎么办？,3,0,,0,,0,,0,0,,,0,,raw/kimi/E2_t3.md,
3027db88,2026-04-17,kimi,E3,execution,英语启蒙怎么坚持下去？总是中断怎么办？,1,0,,0,,0,,0,0,,,0,,raw/kimi/E3_t1.md,
aba1a7e2,2026-04-17,kimi,E3,execution,英语启蒙怎么坚持下去？总是中断怎么办？,2,0,,0,,0,,0,0,,,0,,raw/kimi/E3_t2.md,
b9f828de,2026-04-17,kimi,E3,execution,英语启蒙怎么坚持下去？总是中断怎么办？,3,0,,0,,0,,0,0,,,0,,raw/kimi/E3_t3.md,
c9faf982,2026-04-17,kimi,E4,execution,家长没时间怎么给孩子做英语启蒙？每天学多久？,1,0,,0,,0,,0,0,,,0,,raw/kimi/E4_t1.md,
5e7795d6,2026-04-17,kimi,E4,execution,家长没时间怎么给孩子做英语启蒙？每天学多久？,2,0,,0,,0,,0,0,,,0,,raw/kimi/E4_t2.md,
9cf95f22,2026-04-17,kimi,E4,execution,家长没时间怎么给孩子做英语启蒙？每天学多久？,3,0,,0,,0,,0,0,,,0,,raw/kimi/E4_t3.md,
4d13ba9f,2026-04-17,kimi,E5,execution,家长不会英语怎么教孩子英语启蒙？,1,0,,0,,0,,0,0,,,0,,raw/kimi/E5_t1.md,
50dcc1d7,2026-04-17,kimi,E5,execution,家长不会英语怎么教孩子英语启蒙？,2,0,,0,,0,,0,0,,,0,,raw/kimi/E5_t2.md,
9bc58747,2026-04-17,kimi,E5,execution,家长不会英语怎么教孩子英语启蒙？,3,0,,0,,0,,0,0,,,0,,raw/kimi/E5_t3.md,
bd0063b7,2026-04-17,kimi,E6,execution,孩子注意力不集中、坐不住怎么做英语启蒙？,1,0,,0,,0,,0,0,,,0,,raw/kimi/E6_t1.md,
6560ec3f,2026-04-17,kimi,E6,execution,孩子注意力不集中、坐不住怎么做英语启蒙？,2,0,,0,,0,,0,0,,,0,,raw/kimi/E6_t2.md,
39f88339,2026-04-17,kimi,E6,execution,孩子注意力不集中、坐不住怎么做英语启蒙？,3,0,,0,,0,,0,0,,,0,,raw/kimi/E6_t3.md,
8694d60b,2026-04-17,kimi,M1,method,3-8岁英语启蒙顺序是什么？,1,0,,0,,0,,0,0,,,0,,raw/kimi/M1_t1.md,
5bb1e4ff,2026-04-17,kimi,M1,method,3-8岁英语启蒙顺序是什么？,2,0,,0,,0,,0,0,,,0,,raw/kimi/M1_t2.md,
aa85bfcb,2026-04-17,kimi,M1,method,3-8岁英语启蒙顺序是什么？,3,0,,0,,0,,0,0,,,0,,raw/kimi/M1_t3.md,
3b0be931,2026-04-17,kimi,M2,method,在家怎么做英语启蒙？每天学多久合适？,1,0,,0,,0,,0,0,,,0,,raw/kimi/M2_t1.md,
d5cdc2f9,2026-04-17,kimi,M2,method,在家怎么做英语启蒙？每天学多久合适？,2,0,,0,,0,,0,0,,,0,,raw/kimi/M2_t2.md,
b0c8a680,2026-04-17,kimi,M2,method,在家怎么做英语启蒙？每天学多久合适？,3,0,,0,,0,,0,0,,,0,,raw/kimi/M2_t3.md,
a6489602,2026-04-17,kimi,M3,method,动画、绘本、听音频哪种方式适合英语启蒙？,1,0,,0,,0,,0,0,,,0,,raw/kimi/M3_t1.md,
56adeef9,2026-04-17,kimi,M3,method,动画、绘本、听音频哪种方式适合英语启蒙？,2,0,,0,,0,,0,0,,,0,,raw/kimi/M3_t2.md,
80b99e18,2026-04-17,kimi,M3,method,动画、绘本、听音频哪种方式适合英语启蒙？,3,0,,0,,0,,0,0,,,0,,raw/kimi/M3_t3.md,
731c4f4f,2026-04-17,kimi,M4,method,怎么判断孩子的英语启蒙方法是否正确？,1,0,,0,,0,,0,0,,,0,,raw/kimi/M4_t1.md,
8f7daef0,2026-04-17,kimi,M4,method,怎么判断孩子的英语启蒙方法是否正确？,2,0,,0,,0,,0,0,,,0,,raw/kimi/M4_t2.md,
59687acb,2026-04-17,kimi,M4,method,怎么判断孩子的英语启蒙方法是否正确？,3,0,,0,,0,,0,0,,,0,,raw/kimi/M4_t3.md,
a5ae2f91,2026-04-17,kimi,M5,method,英语启蒙多久能看到效果？,1,0,,0,,0,,0,0,,,0,,raw/kimi/M5_t1.md,
e716238f,2026-04-17,kimi,M5,method,英语启蒙多久能看到效果？,2,0,,0,,0,,0,0,,,0,,raw/kimi/M5_t2.md,
17d5fbe2,2026-04-17,kimi,M5,method,英语启蒙多久能看到效果？,3,0,,0,,0,,0,0,,,0,,raw/kimi/M5_t3.md,
1a7491b1,2026-04-17,kimi,M6,method,自然拼读什么时候开始学？怎么学？,1,0,,0,,0,,0,0,,,0,,raw/kimi/M6_t1.md,
4a646803,2026-04-17,kimi,M6,method,自然拼读什么时候开始学？怎么学？,2,0,,0,,0,,0,0,,,0,,raw/kimi/M6_t2.md,
0bea601d,2026-04-17,kimi,M6,method,自然拼读什么时候开始学？怎么学？,3,0,,0,,0,,0,0,,,0,,raw/kimi/M6_t3.md,
d180df53,2026-04-17,kimi,P1,path_select,英语启蒙要不要报班？自学行不行？,1,0,,0,,0,,0,0,,,0,,raw/kimi/P1_t1.md,
9d24a871,2026-04-17,kimi,P1,path_select,英语启蒙要不要报班？自学行不行？,2,0,,0,,0,,0,0,,,0,,raw/kimi/P1_t2.md,
b5c9ccb0,2026-04-17,kimi,P1,path_select,英语启蒙要不要报班？自学行不行？,3,0,,0,,0,,0,0,,,0,,raw/kimi/P1_t3.md,
c8cee8bd,2026-04-17,kimi,P2,path_select,3-8岁英语启蒙课程怎么选？有哪些推荐？,1,0,,0,,0,,0,0,,,0,VIPKID|51Talk,raw/kimi/P2_t1.md,
67fbb5ae,2026-04-17,kimi,P2,path_select,3-8岁英语启蒙课程怎么选？有哪些推荐？,2,0,,0,,0,,0,0,,,0,VIPKID|51Talk,raw/kimi/P2_t2.md,
99975094,2026-04-17,kimi,P2,path_select,3-8岁英语启蒙课程怎么选？有哪些推荐？,3,0,,0,,0,,0,0,,,0,VIPKID|51Talk,raw/kimi/P2_t3.md,
89e7b6b8,2026-04-17,kimi,P3,path_select,英语启蒙线上课和线下课哪个更好？,1,0,,0,,0,,0,0,,,0,,raw/kimi/P3_t1.md,
21af6c59,2026-04-17,kimi,P3,path_select,英语启蒙线上课和线下课哪个更好？,2,0,,0,,0,,0,0,,,0,,raw/kimi/P3_t2.md,
856b7d8a,2026-04-17,kimi,P3,path_select,英语启蒙线上课和线下课哪个更好？,3,0,,0,,0,,0,0,,,0,,raw/kimi/P3_t3.md,
e231fa85,2026-04-17,kimi,P4,path_select,英语启蒙要不要找外教？中教行不行？,1,0,,0,,0,,0,0,,,0,,raw/kimi/P4_t1.md,
09cbfa5e,2026-04-17,kimi,P4,path_select,英语启蒙要不要找外教？中教行不行？,2,0,,0,,0,,0,0,,,0,,raw/kimi/P4_t2.md,
f04c57b6,2026-04-17,kimi,P4,path_select,英语启蒙要不要找外教？中教行不行？,3,0,,0,,0,,0,0,,,0,,raw/kimi/P4_t3.md,
99852229,2026-04-17,qwen,A1,awareness,孩子有没有必要学英语？,1,0,,0,,0,,0,0,,,0,,raw/qwen/A1_t1.md,
2524c695,2026-04-17,qwen,A1,awareness,孩子有没有必要学英语？,2,0,,0,,0,,0,0,,,0,,raw/qwen/A1_t2.md,
06216611,2026-04-17,qwen,A1,awareness,孩子有没有必要学英语？,3,0,,0,,0,,0,0,,,1,,raw/qwen/A1_t3.md,
22097429,2026-04-17,qwen,A2,awareness,孩子什么时候开始学英语最合适？,1,0,,0,,1,兴趣驱动,1,0,,,1,,raw/qwen/A2_t1.md,
cde0a382,2026-04-17,qwen,A2,awareness,孩子什么时候开始学英语最合适？,2,0,,0,,1,兴趣驱动,1,0,,,0,,raw/qwen/A2_t2.md,
809f838e,2026-04-17,qwen,A2,awareness,孩子什么时候开始学英语最合适？,3,0,,0,,1,兴趣驱动,1,0,,,0,,raw/qwen/A2_t3.md,
7daeccab,2026-04-17,qwen,A3,awareness,学英语会不会影响孩子的母语？,1,0,,0,,0,,0,0,,,0,,raw/qwen/A3_t1.md,
a32651b8,2026-04-17,qwen,A3,awareness,学英语会不会影响孩子的母语？,2,0,,0,,0,,0,0,,,0,,raw/qwen/A3_t2.md,
c0fbb4de,2026-04-17,qwen,A3,awareness,学英语会不会影响孩子的母语？,3,0,,0,,0,,0,0,,,0,,raw/qwen/A3_t3.md,
06b27f92,2026-04-17,qwen,A4,awareness,普通家庭没英语环境，还能做英语启蒙吗？,1,0,,0,,0,,0,0,,,0,,raw/qwen/A4_t1.md,
446e35ea,2026-04-17,qwen,A4,awareness,普通家庭没英语环境，还能做英语启蒙吗？,2,0,,0,,0,,0,0,,,0,,raw/qwen/A4_t2.md,
1a7ad01b,2026-04-17,qwen,A4,awareness,普通家庭没英语环境，还能做英语启蒙吗？,3,0,,0,,0,,0,0,,,0,,raw/qwen/A4_t3.md,
23fd766f,2026-04-17,qwen,A5,awareness,3-8岁英语启蒙应该达到什么目标？,1,0,,0,,0,,0,0,,,1,,raw/qwen/A5_t1.md,
c1b04456,2026-04-17,qwen,A5,awareness,3-8岁英语启蒙应该达到什么目标？,2,0,,0,,0,,0,0,,,0,,raw/qwen/A5_t2.md,
03cfc317,2026-04-17,qwen,A5,awareness,3-8岁英语启蒙应该达到什么目标？,3,0,,0,,0,,0,0,,,1,,raw/qwen/A5_t3.md,
b57f99a6,2026-04-17,qwen,E1,execution,孩子不愿意学英语、一提英语就抗拒怎么办？,1,0,,0,,0,,0,0,,,0,,raw/qwen/E1_t1.md,
1d18ff07,2026-04-17,qwen,E1,execution,孩子不愿意学英语、一提英语就抗拒怎么办？,2,0,,0,,0,,0,0,,,0,,raw/qwen/E1_t2.md,
1b7bd7b2,2026-04-17,qwen,E1,execution,孩子不愿意学英语、一提英语就抗拒怎么办？,3,0,,0,,0,,0,0,,,0,,raw/qwen/E1_t3.md,
0fda5728,2026-04-17,qwen,E2,execution,孩子学英语很久没效果怎么办？,1,0,,0,,0,,0,0,,,0,,raw/qwen/E2_t1.md,
833ac4d1,2026-04-17,qwen,E2,execution,孩子学英语很久没效果怎么办？,2,0,,0,,0,,0,0,,,0,,raw/qwen/E2_t2.md,
90a4618b,2026-04-17,qwen,E2,execution,孩子学英语很久没效果怎么办？,3,0,,0,,0,,0,0,,,0,,raw/qwen/E2_t3.md,
533c083c,2026-04-17,qwen,E3,execution,英语启蒙怎么坚持下去？总是中断怎么办？,1,0,,0,,0,,0,0,,,0,,raw/qwen/E3_t1.md,
70f4d020,2026-04-17,qwen,E3,execution,英语启蒙怎么坚持下去？总是中断怎么办？,2,0,,0,,0,,0,0,,,0,,raw/qwen/E3_t2.md,
45e5c41d,2026-04-17,qwen,E3,execution,英语启蒙怎么坚持下去？总是中断怎么办？,3,0,,0,,0,,0,0,,,0,,raw/qwen/E3_t3.md,
e02e3726,2026-04-17,qwen,E4,execution,家长没时间怎么给孩子做英语启蒙？每天学多久？,1,0,,0,,0,,0,0,,,0,,raw/qwen/E4_t1.md,
2bfdf3e6,2026-04-17,qwen,E4,execution,家长没时间怎么给孩子做英语启蒙？每天学多久？,2,0,,0,,0,,0,0,,,0,,raw/qwen/E4_t2.md,
a5eb6f32,2026-04-17,qwen,E4,execution,家长没时间怎么给孩子做英语启蒙？每天学多久？,3,0,,0,,0,,0,0,,,0,,raw/qwen/E4_t3.md,
1b282706,2026-04-17,qwen,E5,execution,家长不会英语怎么教孩子英语启蒙？,1,0,,0,,0,,0,0,,,0,,raw/qwen/E5_t1.md,
3e47df0d,2026-04-17,qwen,E5,execution,家长不会英语怎么教孩子英语启蒙？,2,0,,0,,0,,0,0,,,0,,raw/qwen/E5_t2.md,
a180f04b,2026-04-17,qwen,E5,execution,家长不会英语怎么教孩子英语启蒙？,3,0,,0,,0,,0,0,,,0,,raw/qwen/E5_t3.md,
2afb7ace,2026-04-17,qwen,E6,execution,孩子注意力不集中、坐不住怎么做英语启蒙？,1,0,,0,,0,,0,0,,,0,,raw/qwen/E6_t1.md,
4064770f,2026-04-17,qwen,E6,execution,孩子注意力不集中、坐不住怎么做英语启蒙？,2,0,,0,,0,,0,0,,,0,,raw/qwen/E6_t2.md,
c95dcbab,2026-04-17,qwen,E6,execution,孩子注意力不集中、坐不住怎么做英语启蒙？,3,0,,0,,0,,0,0,,,0,,raw/qwen/E6_t3.md,
008f9b0f,2026-04-17,qwen,M1,method,3-8岁英语启蒙顺序是什么？,1,0,,0,,0,,0,0,,,1,,raw/qwen/M1_t1.md,
0afe89be,2026-04-17,qwen,M1,method,3-8岁英语启蒙顺序是什么？,2,0,,0,,0,,0,0,,,1,,raw/qwen/M1_t2.md,
02c83a99,2026-04-17,qwen,M1,method,3-8岁英语启蒙顺序是什么？,3,1,听说先行,0,,0,,1,0,,,1,,raw/qwen/M1_t3.md,
b655ee14,2026-04-17,qwen,M2,method,在家怎么做英语启蒙？每天学多久合适？,1,0,,0,,0,,0,0,,,0,,raw/qwen/M2_t1.md,
f7cda2eb,2026-04-17,qwen,M2,method,在家怎么做英语启蒙？每天学多久合适？,2,0,,0,,0,,0,0,,,0,,raw/qwen/M2_t2.md,
4321739d,2026-04-17,qwen,M2,method,在家怎么做英语启蒙？每天学多久合适？,3,0,,0,,0,,0,0,,,0,,raw/qwen/M2_t3.md,
a591c1f8,2026-04-17,qwen,M3,method,动画、绘本、听音频哪种方式适合英语启蒙？,1,0,,0,,0,,0,0,,,0,,raw/qwen/M3_t1.md,
8246a494,2026-04-17,qwen,M3,method,动画、绘本、听音频哪种方式适合英语启蒙？,2,0,,1,螺旋上升,0,,1,0,,,0,,raw/qwen/M3_t2.md,
dad1aee3,2026-04-17,qwen,M3,method,动画、绘本、听音频哪种方式适合英语启蒙？,3,0,,0,,0,,0,0,,,0,,raw/qwen/M3_t3.md,
71bbe7f7,2026-04-17,qwen,M4,method,怎么判断孩子的英语启蒙方法是否正确？,1,0,,0,,0,,0,0,,,0,,raw/qwen/M4_t1.md,
9c1d57ad,2026-04-17,qwen,M4,method,怎么判断孩子的英语启蒙方法是否正确？,2,0,,0,,0,,0,0,,,0,,raw/qwen/M4_t2.md,
913572ac,2026-04-17,qwen,M4,method,怎么判断孩子的英语启蒙方法是否正确？,3,0,,0,,0,,0,0,,,0,,raw/qwen/M4_t3.md,
83c3c649,2026-04-17,qwen,M5,method,英语启蒙多久能看到效果？,1,0,,0,,0,,0,0,,,0,,raw/qwen/M5_t1.md,
73820861,2026-04-17,qwen,M5,method,英语启蒙多久能看到效果？,2,0,,0,,0,,0,0,,,0,,raw/qwen/M5_t2.md,
e3cd1b32,2026-04-17,qwen,M5,method,英语启蒙多久能看到效果？,3,0,,0,,0,,0,0,,,0,,raw/qwen/M5_t3.md,
7cd7bf06,2026-04-17,qwen,M6,method,自然拼读什么时候开始学？怎么学？,1,1,听说先行,0,,0,,1,0,,,0,,raw/qwen/M6_t1.md,
6bafad7e,2026-04-17,qwen,M6,method,自然拼读什么时候开始学？怎么学？,2,0,,0,,0,,0,0,,,0,,raw/qwen/M6_t2.md,
75daa180,2026-04-17,qwen,M6,method,自然拼读什么时候开始学？怎么学？,3,0,,0,,0,,0,0,,,0,,raw/qwen/M6_t3.md,
dda39b0f,2026-04-17,qwen,P1,path_select,英语启蒙要不要报班？自学行不行？,1,0,,0,,0,,0,0,,,1,,raw/qwen/P1_t1.md,
d0656f51,2026-04-17,qwen,P1,path_select,英语启蒙要不要报班？自学行不行？,2,0,,0,,0,,0,0,,,0,,raw/qwen/P1_t2.md,
b94cdb84,2026-04-17,qwen,P1,path_select,英语启蒙要不要报班？自学行不行？,3,0,,1,螺旋上升,0,,1,0,,,0,,raw/qwen/P1_t3.md,
899b2878,2026-04-17,qwen,P2,path_select,3-8岁英语启蒙课程怎么选？有哪些推荐？,1,1,听说先行,1,螺旋上升,0,,2,0,,,1,斑马|斑马英语|斑马AI课|励步|鲸鱼外教,raw/qwen/P2_t1.md,
f5442f89,2026-04-17,qwen,P2,path_select,3-8岁英语启蒙课程怎么选？有哪些推荐？,2,1,听说先行,0,,0,,1,0,,,1,斑马|斑马英语|励步|励步启蒙,raw/qwen/P2_t2.md,
d351701c,2026-04-17,qwen,P2,path_select,3-8岁英语启蒙课程怎么选？有哪些推荐？,3,1,听说先行,0,,0,,1,1,,,0,斑马|励步|VIPKID,raw/qwen/P2_t3.md,
40e40d50,2026-04-17,qwen,P3,path_select,英语启蒙线上课和线下课哪个更好？,1,0,,0,,0,,0,0,,,0,,raw/qwen/P3_t1.md,
d816ab9b,2026-04-17,qwen,P3,path_select,英语启蒙线上课和线下课哪个更好？,2,0,,0,,0,,0,0,,,0,,raw/qwen/P3_t2.md,
f63b635f,2026-04-17,qwen,P3,path_select,英语启蒙线上课和线下课哪个更好？,3,0,,0,,0,,0,0,,,0,,raw/qwen/P3_t3.md,
6517a5a7,2026-04-17,qwen,P4,path_select,英语启蒙要不要找外教？中教行不行？,1,0,,0,,0,,0,0,,,0,,raw/qwen/P4_t1.md,
85831548,2026-04-17,qwen,P4,path_select,英语启蒙要不要找外教？中教行不行？,2,1,听说先行,0,,0,,1,0,,,0,斑马|伴鱼|励步,raw/qwen/P4_t2.md,
5f12ceeb,2026-04-17,qwen,P4,path_select,英语启蒙要不要找外教？中教行不行？,3,0,,0,,0,,0,0,,,0,,raw/qwen/P4_t3.md,
91c78981,2026-04-17,wenxin,A1,awareness,孩子有没有必要学英语？,1,0,,0,,1,兴趣驱动,1,0,,,0,,raw/wenxin/A1_t1.md,
69f8928e,2026-04-17,wenxin,A1,awareness,孩子有没有必要学英语？,2,0,,0,,0,,0,0,,,0,,raw/wenxin/A1_t2.md,
23a090ca,2026-04-17,wenxin,A1,awareness,孩子有没有必要学英语？,3,0,,0,,0,,0,0,,,0,,raw/wenxin/A1_t3.md,
e2ef9e17,2026-04-17,wenxin,A2,awareness,孩子什么时候开始学英语最合适？,1,0,,0,,0,,0,0,,,1,,raw/wenxin/A2_t1.md,
41088c7e,2026-04-17,wenxin,A2,awareness,孩子什么时候开始学英语最合适？,2,0,,0,,0,,0,0,,,0,,raw/wenxin/A2_t2.md,
ee02974e,2026-04-17,wenxin,A2,awareness,孩子什么时候开始学英语最合适？,3,0,,0,,0,,0,0,,,0,,raw/wenxin/A2_t3.md,
90d3aa1a,2026-04-17,wenxin,A3,awareness,学英语会不会影响孩子的母语？,1,0,,0,,0,,0,0,,,0,,raw/wenxin/A3_t1.md,
211136ae,2026-04-17,wenxin,A3,awareness,学英语会不会影响孩子的母语？,2,0,,0,,0,,0,0,,,0,,raw/wenxin/A3_t2.md,
e6f65be2,2026-04-17,wenxin,A3,awareness,学英语会不会影响孩子的母语？,3,0,,0,,0,,0,0,,,0,,raw/wenxin/A3_t3.md,
6197f0c3,2026-04-17,wenxin,A4,awareness,普通家庭没英语环境，还能做英语启蒙吗？,1,0,,0,,0,,0,0,,,0,,raw/wenxin/A4_t1.md,
56a00ae4,2026-04-17,wenxin,A4,awareness,普通家庭没英语环境，还能做英语启蒙吗？,2,0,,0,,0,,0,0,,,0,,raw/wenxin/A4_t2.md,
0043ac9e,2026-04-17,wenxin,A4,awareness,普通家庭没英语环境，还能做英语启蒙吗？,3,0,,0,,0,,0,0,,,0,,raw/wenxin/A4_t3.md,
6be3ca84,2026-04-17,wenxin,A5,awareness,3-8岁英语启蒙应该达到什么目标？,1,0,,0,,1,兴趣驱动,1,0,,,0,,raw/wenxin/A5_t1.md,
5ae0b9ae,2026-04-17,wenxin,A5,awareness,3-8岁英语启蒙应该达到什么目标？,2,0,,0,,0,,0,0,,,0,,raw/wenxin/A5_t2.md,
23981885,2026-04-17,wenxin,A5,awareness,3-8岁英语启蒙应该达到什么目标？,3,1,拼读进阶,0,,0,,1,0,,,0,,raw/wenxin/A5_t3.md,
9f5e6624,2026-04-17,wenxin,E1,execution,孩子不愿意学英语、一提英语就抗拒怎么办？,1,0,,0,,1,兴趣驱动,1,0,,,0,,raw/wenxin/E1_t1.md,
ce87ad4a,2026-04-17,wenxin,E1,execution,孩子不愿意学英语、一提英语就抗拒怎么办？,2,0,,0,,0,,0,0,,,0,,raw/wenxin/E1_t2.md,
f06e19f9,2026-04-17,wenxin,E1,execution,孩子不愿意学英语、一提英语就抗拒怎么办？,3,0,,0,,0,,0,0,,,0,,raw/wenxin/E1_t3.md,
1b64c280,2026-04-17,wenxin,E2,execution,孩子学英语很久没效果怎么办？,1,0,,0,,0,,0,0,,,0,,raw/wenxin/E2_t1.md,
c9418566,2026-04-17,wenxin,E2,execution,孩子学英语很久没效果怎么办？,2,0,,0,,0,,0,0,,,0,,raw/wenxin/E2_t2.md,
b0986e97,2026-04-17,wenxin,E2,execution,孩子学英语很久没效果怎么办？,3,0,,0,,1,兴趣驱动,1,0,,,1,,raw/wenxin/E2_t3.md,
2d77a573,2026-04-17,wenxin,E3,execution,英语启蒙怎么坚持下去？总是中断怎么办？,1,0,,0,,0,,0,0,,,0,,raw/wenxin/E3_t1.md,
53e4e48f,2026-04-17,wenxin,E3,execution,英语启蒙怎么坚持下去？总是中断怎么办？,2,0,,0,,1,兴趣驱动,1,0,,,0,,raw/wenxin/E3_t2.md,
13f51cac,2026-04-17,wenxin,E3,execution,英语启蒙怎么坚持下去？总是中断怎么办？,3,0,,0,,0,,0,0,,,0,,raw/wenxin/E3_t3.md,
1a83da25,2026-04-17,wenxin,E4,execution,家长没时间怎么给孩子做英语启蒙？每天学多久？,1,0,,1,短时高频,0,,1,1,,,0,,raw/wenxin/E4_t1.md,
4c5e811d,2026-04-17,wenxin,E4,execution,家长没时间怎么给孩子做英语启蒙？每天学多久？,2,0,,1,短时高频,0,,1,1,,,0,,raw/wenxin/E4_t2.md,
8ab6adb9,2026-04-17,wenxin,E4,execution,家长没时间怎么给孩子做英语启蒙？每天学多久？,3,0,,0,,1,兴趣驱动,1,1,,,0,,raw/wenxin/E4_t3.md,
6926c533,2026-04-17,wenxin,E5,execution,家长不会英语怎么教孩子英语启蒙？,1,0,,0,,0,,0,0,,,0,,raw/wenxin/E5_t1.md,
6650c757,2026-04-17,wenxin,E5,execution,家长不会英语怎么教孩子英语启蒙？,2,0,,0,,1,兴趣驱动,1,1,,,0,,raw/wenxin/E5_t2.md,
711b1853,2026-04-17,wenxin,E5,execution,家长不会英语怎么教孩子英语启蒙？,3,0,,0,,0,,0,0,,,0,,raw/wenxin/E5_t3.md,
75fa0757,2026-04-17,wenxin,E6,execution,孩子注意力不集中、坐不住怎么做英语启蒙？,1,0,,1,短时高频,1,兴趣驱动,2,0,,,0,,raw/wenxin/E6_t1.md,
b3fe7f85,2026-04-17,wenxin,E6,execution,孩子注意力不集中、坐不住怎么做英语启蒙？,2,0,,1,短时高频,0,,1,0,,,0,,raw/wenxin/E6_t2.md,
9b8fde60,2026-04-17,wenxin,E6,execution,孩子注意力不集中、坐不住怎么做英语启蒙？,3,0,,0,,0,,0,0,,,0,,raw/wenxin/E6_t3.md,
01e6bac3,2026-04-17,wenxin,M1,method,3-8岁英语启蒙顺序是什么？,1,0,,0,,0,,0,0,,,0,,raw/wenxin/M1_t1.md,
d99fae33,2026-04-17,wenxin,M1,method,3-8岁英语启蒙顺序是什么？,2,0,,0,,0,,0,0,,,1,,raw/wenxin/M1_t2.md,
6cfc05d1,2026-04-17,wenxin,M1,method,3-8岁英语启蒙顺序是什么？,3,0,,0,,0,,0,0,,,0,,raw/wenxin/M1_t3.md,
db8bd2f7,2026-04-17,wenxin,M2,method,在家怎么做英语启蒙？每天学多久合适？,1,0,,1,短时高频,1,兴趣驱动,2,0,,,0,,raw/wenxin/M2_t1.md,
c1f74a43,2026-04-17,wenxin,M2,method,在家怎么做英语启蒙？每天学多久合适？,2,0,,0,,0,,0,1,,,0,,raw/wenxin/M2_t2.md,
1a63847d,2026-04-17,wenxin,M2,method,在家怎么做英语启蒙？每天学多久合适？,3,0,,0,,0,,0,0,,,0,,raw/wenxin/M2_t3.md,
846d6a95,2026-04-17,wenxin,M3,method,动画、绘本、听音频哪种方式适合英语启蒙？,1,0,,0,,0,,0,0,,,0,,raw/wenxin/M3_t1.md,
43eee165,2026-04-17,wenxin,M3,method,动画、绘本、听音频哪种方式适合英语启蒙？,2,0,,0,,0,,0,0,,,0,,raw/wenxin/M3_t2.md,
1e79a0ee,2026-04-17,wenxin,M3,method,动画、绘本、听音频哪种方式适合英语启蒙？,3,0,,0,,0,,0,0,,,0,,raw/wenxin/M3_t3.md,
41c1d401,2026-04-17,wenxin,M4,method,怎么判断孩子的英语启蒙方法是否正确？,1,0,,0,,1,兴趣驱动,1,0,,,0,,raw/wenxin/M4_t1.md,
03c07d0c,2026-04-17,wenxin,M4,method,怎么判断孩子的英语启蒙方法是否正确？,2,0,,0,,1,兴趣驱动,1,0,,,0,,raw/wenxin/M4_t2.md,
18c5a6c1,2026-04-17,wenxin,M4,method,怎么判断孩子的英语启蒙方法是否正确？,3,0,,0,,1,兴趣驱动,1,0,,,0,,raw/wenxin/M4_t3.md,
88a9fe2e,2026-04-17,wenxin,M5,method,英语启蒙多久能看到效果？,1,0,,0,,0,,0,0,,,0,,raw/wenxin/M5_t1.md,
6fe05b3f,2026-04-17,wenxin,M5,method,英语启蒙多久能看到效果？,2,0,,0,,0,,0,0,,,0,,raw/wenxin/M5_t2.md,
60da619f,2026-04-17,wenxin,M5,method,英语启蒙多久能看到效果？,3,0,,0,,0,,0,0,,,0,,raw/wenxin/M5_t3.md,
6efe7132,2026-04-17,wenxin,M6,method,自然拼读什么时候开始学？怎么学？,1,0,,0,,1,兴趣驱动,1,0,,,0,,raw/wenxin/M6_t1.md,
a9534cfd,2026-04-17,wenxin,M6,method,自然拼读什么时候开始学？怎么学？,2,0,,0,,0,,0,0,,,0,,raw/wenxin/M6_t2.md,
df545599,2026-04-17,wenxin,M6,method,自然拼读什么时候开始学？怎么学？,3,0,,1,短时高频,0,,1,0,,,0,,raw/wenxin/M6_t3.md,
b1aea745,2026-04-17,wenxin,P1,path_select,英语启蒙要不要报班？自学行不行？,1,0,,0,,0,,0,0,,,0,ABCmouse,raw/wenxin/P1_t1.md,
37830a08,2026-04-17,wenxin,P1,path_select,英语启蒙要不要报班？自学行不行？,2,0,,0,,0,,0,1,,,0,斑马|斑马英语|伴鱼|伴鱼绘本,raw/wenxin/P1_t2.md,
8983ec74,2026-04-17,wenxin,P1,path_select,英语启蒙要不要报班？自学行不行？,3,0,,0,,0,,0,1,,,0,斑马|斑马英语,raw/wenxin/P1_t3.md,
d01860ad,2026-04-17,wenxin,P2,path_select,3-8岁英语启蒙课程怎么选？有哪些推荐？,1,0,,0,,0,,0,1,,,0,斑马|斑马英语|伴鱼|VIPKID,raw/wenxin/P2_t1.md,
8f6ad3ef,2026-04-17,wenxin,P2,path_select,3-8岁英语启蒙课程怎么选？有哪些推荐？,2,0,,0,,0,,0,1,,,0,斑马|斑马英语|ABCmouse|伴鱼|VIPKID,raw/wenxin/P2_t2.md,
c24c2d8a,2026-04-17,wenxin,P2,path_select,3-8岁英语启蒙课程怎么选？有哪些推荐？,3,0,,1,短时高频,1,兴趣驱动,2,1,,,0,斑马|斑马英语|伴鱼|VIPKID,raw/wenxin/P2_t3.md,
d1b67be5,2026-04-17,wenxin,P3,path_select,英语启蒙线上课和线下课哪个更好？,1,0,,0,,0,,0,0,,,0,,raw/wenxin/P3_t1.md,
0e31b742,2026-04-17,wenxin,P3,path_select,英语启蒙线上课和线下课哪个更好？,2,0,,0,,0,,0,0,,,0,,raw/wenxin/P3_t2.md,
ab9c4d42,2026-04-17,wenxin,P3,path_select,英语启蒙线上课和线下课哪个更好？,3,0,,0,,0,,0,0,,,0,,raw/wenxin/P3_t3.md,
a2f96c2b,2026-04-17,wenxin,P4,path_select,英语启蒙要不要找外教？中教行不行？,1,0,,0,,0,,0,0,,,0,伴鱼|VIPKID,raw/wenxin/P4_t1.md,
07e0e468,2026-04-17,wenxin,P4,path_select,英语启蒙要不要找外教？中教行不行？,2,0,,0,,0,,0,1,,,0,斑马|斑马英语|VIPKID,raw/wenxin/P4_t2.md,
074ebc90,2026-04-17,wenxin,P4,path_select,英语启蒙要不要找外教？中教行不行？,3,0,,0,,0,,0,0,,,1,,raw/wenxin/P4_t3.md,
0423e7db,2026-04-17,zhipu,A1,awareness,孩子有没有必要学英语？,1,0,,0,,0,,0,0,,,0,,raw/zhipu/A1_t1.md,
f5b56e17,2026-04-17,zhipu,A1,awareness,孩子有没有必要学英语？,2,0,,0,,0,,0,0,,,0,,raw/zhipu/A1_t2.md,
f50eb16f,2026-04-17,zhipu,A1,awareness,孩子有没有必要学英语？,3,0,,0,,0,,0,0,,,0,,raw/zhipu/A1_t3.md,
289eaf01,2026-04-17,zhipu,A2,awareness,孩子什么时候开始学英语最合适？,1,0,,0,,0,,0,0,,,1,,raw/zhipu/A2_t1.md,
e56d91e0,2026-04-17,zhipu,A2,awareness,孩子什么时候开始学英语最合适？,2,0,,0,,0,,0,0,,,1,,raw/zhipu/A2_t2.md,
5d628638,2026-04-17,zhipu,A2,awareness,孩子什么时候开始学英语最合适？,3,0,,0,,0,,0,0,,,0,,raw/zhipu/A2_t3.md,
9aea4646,2026-04-17,zhipu,A3,awareness,学英语会不会影响孩子的母语？,1,0,,0,,0,,0,0,,,0,,raw/zhipu/A3_t1.md,
0b4ac4d2,2026-04-17,zhipu,A3,awareness,学英语会不会影响孩子的母语？,2,0,,0,,0,,0,0,,,0,,raw/zhipu/A3_t2.md,
5af17c59,2026-04-17,zhipu,A3,awareness,学英语会不会影响孩子的母语？,3,0,,0,,0,,0,0,,,0,,raw/zhipu/A3_t3.md,
36aad80f,2026-04-17,zhipu,A4,awareness,普通家庭没英语环境，还能做英语启蒙吗？,1,1,听说先行,0,,0,,1,0,,,0,,raw/zhipu/A4_t1.md,
dc6847b3,2026-04-17,zhipu,A4,awareness,普通家庭没英语环境，还能做英语启蒙吗？,2,1,情景输入,0,,0,,1,0,,,0,,raw/zhipu/A4_t2.md,
2f8d9ff2,2026-04-17,zhipu,A4,awareness,普通家庭没英语环境，还能做英语启蒙吗？,3,0,,0,,0,,0,0,,,0,,raw/zhipu/A4_t3.md,
4948b7a1,2026-04-17,zhipu,A5,awareness,3-8岁英语启蒙应该达到什么目标？,1,0,,0,,0,,0,0,,,0,,raw/zhipu/A5_t1.md,
83cd0364,2026-04-17,zhipu,A5,awareness,3-8岁英语启蒙应该达到什么目标？,2,0,,0,,0,,0,0,,,1,,raw/zhipu/A5_t2.md,
06ef8fe1,2026-04-17,zhipu,A5,awareness,3-8岁英语启蒙应该达到什么目标？,3,0,,0,,0,,0,0,,,0,,raw/zhipu/A5_t3.md,
5fd84eb7,2026-04-17,zhipu,E1,execution,孩子不愿意学英语、一提英语就抗拒怎么办？,1,0,,0,,0,,0,0,,,0,,raw/zhipu/E1_t1.md,
aed704f7,2026-04-17,zhipu,E1,execution,孩子不愿意学英语、一提英语就抗拒怎么办？,2,0,,0,,0,,0,0,,,1,,raw/zhipu/E1_t2.md,
7b6d9f31,2026-04-17,zhipu,E1,execution,孩子不愿意学英语、一提英语就抗拒怎么办？,3,0,,0,,0,,0,0,,,0,,raw/zhipu/E1_t3.md,
b5108aac,2026-04-17,zhipu,E2,execution,孩子学英语很久没效果怎么办？,1,0,,0,,0,,0,0,,,1,,raw/zhipu/E2_t1.md,
3c846de6,2026-04-17,zhipu,E2,execution,孩子学英语很久没效果怎么办？,2,0,,0,,1,兴趣驱动,1,0,,,0,,raw/zhipu/E2_t2.md,
3c89d3e2,2026-04-17,zhipu,E2,execution,孩子学英语很久没效果怎么办？,3,0,,0,,0,,0,0,,,0,,raw/zhipu/E2_t3.md,
20723158,2026-04-17,zhipu,E3,execution,英语启蒙怎么坚持下去？总是中断怎么办？,1,0,,0,,0,,0,0,,,1,,raw/zhipu/E3_t1.md,
9a0a6c71,2026-04-17,zhipu,E3,execution,英语启蒙怎么坚持下去？总是中断怎么办？,2,0,,0,,0,,0,0,,,0,,raw/zhipu/E3_t2.md,
0539d0b3,2026-04-17,zhipu,E3,execution,英语启蒙怎么坚持下去？总是中断怎么办？,3,0,,0,,0,,0,0,,,0,,raw/zhipu/E3_t3.md,
9684a06b,2026-04-17,zhipu,E4,execution,家长没时间怎么给孩子做英语启蒙？每天学多久？,1,0,,0,,0,,0,0,,,0,,raw/zhipu/E4_t1.md,
9fd36edd,2026-04-17,zhipu,E4,execution,家长没时间怎么给孩子做英语启蒙？每天学多久？,2,0,,0,,0,,0,0,,,0,,raw/zhipu/E4_t2.md,
de116b29,2026-04-17,zhipu,E4,execution,家长没时间怎么给孩子做英语启蒙？每天学多久？,3,0,,0,,0,,0,0,,,0,,raw/zhipu/E4_t3.md,
57a7eb67,2026-04-17,zhipu,E5,execution,家长不会英语怎么教孩子英语启蒙？,1,0,,0,,0,,0,0,,,0,,raw/zhipu/E5_t1.md,
379b1528,2026-04-17,zhipu,E5,execution,家长不会英语怎么教孩子英语启蒙？,2,0,,0,,0,,0,0,,,0,,raw/zhipu/E5_t2.md,
ab40ffb2,2026-04-17,zhipu,E5,execution,家长不会英语怎么教孩子英语启蒙？,3,0,,0,,0,,0,0,,,0,,raw/zhipu/E5_t3.md,
406c5ae3,2026-04-17,zhipu,E6,execution,孩子注意力不集中、坐不住怎么做英语启蒙？,1,0,,0,,0,,0,0,,,0,,raw/zhipu/E6_t1.md,
8f1bb0bf,2026-04-17,zhipu,E6,execution,孩子注意力不集中、坐不住怎么做英语启蒙？,2,0,,0,,0,,0,0,,,0,,raw/zhipu/E6_t2.md,
7afc39d8,2026-04-17,zhipu,E6,execution,孩子注意力不集中、坐不住怎么做英语启蒙？,3,0,,0,,0,,0,0,,,0,,raw/zhipu/E6_t3.md,
ceb20401,2026-04-17,zhipu,M1,method,3-8岁英语启蒙顺序是什么？,1,0,,0,,0,,0,0,,,0,,raw/zhipu/M1_t1.md,
93e122f5,2026-04-17,zhipu,M1,method,3-8岁英语启蒙顺序是什么？,2,0,,0,,0,,0,0,,,1,,raw/zhipu/M1_t2.md,
765986e3,2026-04-17,zhipu,M1,method,3-8岁英语启蒙顺序是什么？,3,0,,0,,0,,0,0,,,0,,raw/zhipu/M1_t3.md,
55a93342,2026-04-17,zhipu,M2,method,在家怎么做英语启蒙？每天学多久合适？,1,0,,0,,0,,0,0,,,0,,raw/zhipu/M2_t1.md,
567519f2,2026-04-17,zhipu,M2,method,在家怎么做英语启蒙？每天学多久合适？,2,0,,0,,0,,0,0,,,0,,raw/zhipu/M2_t2.md,
39f19bc7,2026-04-17,zhipu,M2,method,在家怎么做英语启蒙？每天学多久合适？,3,0,,0,,0,,0,0,,,0,,raw/zhipu/M2_t3.md,
3418b070,2026-04-17,zhipu,M3,method,动画、绘本、听音频哪种方式适合英语启蒙？,1,0,,0,,0,,0,0,,,0,,raw/zhipu/M3_t1.md,
6222c00e,2026-04-17,zhipu,M3,method,动画、绘本、听音频哪种方式适合英语启蒙？,2,0,,0,,0,,0,0,,,0,,raw/zhipu/M3_t2.md,
457251f4,2026-04-17,zhipu,M3,method,动画、绘本、听音频哪种方式适合英语启蒙？,3,0,,0,,0,,0,0,,,0,,raw/zhipu/M3_t3.md,
b016bded,2026-04-17,zhipu,M4,method,怎么判断孩子的英语启蒙方法是否正确？,1,0,,0,,0,,0,0,,,0,,raw/zhipu/M4_t1.md,
c0148381,2026-04-17,zhipu,M4,method,怎么判断孩子的英语启蒙方法是否正确？,2,0,,0,,0,,0,0,,,0,,raw/zhipu/M4_t2.md,
d322408f,2026-04-17,zhipu,M4,method,怎么判断孩子的英语启蒙方法是否正确？,3,0,,0,,0,,0,0,,,0,,raw/zhipu/M4_t3.md,
43962f78,2026-04-17,zhipu,M5,method,英语启蒙多久能看到效果？,1,0,,0,,0,,0,0,,,1,,raw/zhipu/M5_t1.md,
327f69e0,2026-04-17,zhipu,M5,method,英语启蒙多久能看到效果？,2,0,,0,,0,,0,0,,,0,,raw/zhipu/M5_t2.md,
67d572b5,2026-04-17,zhipu,M5,method,英语启蒙多久能看到效果？,3,0,,0,,0,,0,0,,,0,,raw/zhipu/M5_t3.md,
1cdcdf40,2026-04-17,zhipu,M6,method,自然拼读什么时候开始学？怎么学？,1,0,,0,,0,,0,0,,,0,,raw/zhipu/M6_t1.md,
1cc89b6d,2026-04-17,zhipu,M6,method,自然拼读什么时候开始学？怎么学？,2,0,,0,,0,,0,0,,,0,,raw/zhipu/M6_t2.md,
fb4eb58c,2026-04-17,zhipu,M6,method,自然拼读什么时候开始学？怎么学？,3,0,,0,,0,,0,0,,,0,,raw/zhipu/M6_t3.md,
71264fdc,2026-04-17,zhipu,P1,path_select,英语启蒙要不要报班？自学行不行？,1,0,,0,,0,,0,0,,,0,,raw/zhipu/P1_t1.md,
c1e32355,2026-04-17,zhipu,P1,path_select,英语启蒙要不要报班？自学行不行？,2,0,,0,,0,,0,0,,,0,,raw/zhipu/P1_t2.md,
810d69e0,2026-04-17,zhipu,P1,path_select,英语启蒙要不要报班？自学行不行？,3,0,,1,螺旋上升,0,,1,0,,,1,,raw/zhipu/P1_t3.md,
8b72c5cf,2026-04-17,zhipu,P2,path_select,3-8岁英语启蒙课程怎么选？有哪些推荐？,1,0,,0,,0,,0,0,,,0,斑马|斑马英语|伴鱼|伴鱼绘本|励步|励步启蒙|鲸鱼外教,raw/zhipu/P2_t1.md,
0dcf2c8c,2026-04-17,zhipu,P2,path_select,3-8岁英语启蒙课程怎么选？有哪些推荐？,2,0,,0,,0,,0,0,,,1,斑马|斑马英语|励步|励步启蒙|VIPKID|鲸鱼外教|51Talk,raw/zhipu/P2_t2.md,
902aa48f,2026-04-17,zhipu,P2,path_select,3-8岁英语启蒙课程怎么选？有哪些推荐？,3,0,,0,,0,,0,0,,,0,斑马|斑马英语|励步|励步英语|励步启蒙|鲸鱼外教,raw/zhipu/P2_t3.md,
ec47bf56,2026-04-17,zhipu,P3,path_select,英语启蒙线上课和线下课哪个更好？,1,0,,0,,0,,0,0,,,1,,raw/zhipu/P3_t1.md,
21f55921,2026-04-17,zhipu,P3,path_select,英语启蒙线上课和线下课哪个更好？,2,0,,0,,0,,0,0,,,0,,raw/zhipu/P3_t2.md,
3ebbd38a,2026-04-17,zhipu,P3,path_select,英语启蒙线上课和线下课哪个更好？,3,0,,0,,0,,0,0,,,0,,raw/zhipu/P3_t3.md,
24b091a2,2026-04-17,zhipu,P4,path_select,英语启蒙要不要找外教？中教行不行？,1,0,,0,,0,,0,0,,,0,,raw/zhipu/P4_t1.md,
7cd34154,2026-04-17,zhipu,P4,path_select,英语启蒙要不要找外教？中教行不行？,2,0,,0,,0,,0,0,,,0,,raw/zhipu/P4_t2.md,
01daf0c1,2026-04-17,zhipu,P4,path_select,英语启蒙要不要找外教？中教行不行？,3,0,,0,,0,,0,0,,,0,,raw/zhipu/P4_t3.md,
